mix,mean_messages_in_pool,mean_cover_messages_in_pool,empty_pool_mean,mean_pool_not_empty
M1,5.193431578947369,2.423205263157895,0.592378947368421,12.740832558619978
M2,2.4234631578947368,0.6024736842105263,0.5614,5.525451796385629
M3,2.3263684210526314,0.5227578947368421,0.5924578947368421,5.708289747265378
