mix,mean_messages_in_pool
M1,38.15812284187716
M2,43.81085218914781
M3,20.225711774288225
M4,23.374474625525373
M5,24.211401788598213
M6,57.266150733849265
