mix,mean_messages_in_pool,mean_cover_messages_in_pool,empty_pool_mean
M1,5.264425,0.0,0.248325
M2,5.8469,0.0,0.4054333333333333
M3,5.2637833333333335,0.0,0.0563375
M4,4.9618875,0.0,0.2195625
M5,5.768420833333334,0.0,0.0271125
M6,5.5306875,0.0,0.0506875
