mix,mean_messages_in_pool,mean_cover_messages_in_pool,empty_pool_mean
M1,2.4177303290786836,1.271058915764337,0.7393045454545455
M2,1.8575525697897208,1.030247879008484,0.7268772727272728
M3,1.95062019751921,1.0067719729121083,0.7684409090909091
M4,1.4141783432866268,0.654809380762477,0.6970590909090909
M5,2.2971748113007546,0.8311966752132991,0.6056681818181818
M6,1.8828884684461262,1.0610197559209764,0.5074772727272727
M7,1.722005111979552,0.7073491706033176,0.4503
M8,1.4726061095755616,0.6277014891940432,0.6961681818181819
M9,1.7035771856912572,0.6404134383462466,0.6074090909090909
