mix,mean_messages_in_pool
M1,0.2319794670088832
M2,0.15161413976433727
M3,0.2871952134131098
