mix,mean_messages_in_pool,mean_cover_messages_in_pool,empty_pool_mean
M1,5.105395833333334,0.0,0.2932916666666667
M2,7.6475333333333335,0.0,0.2730666666666667
M3,7.181558333333333,0.0,0.07319583333333333
M4,6.1507708333333335,0.0,0.09980833333333333
M5,6.0705,0.0,0.057341666666666666
M6,6.629058333333333,0.0,0.0
