mix,mean_messages_in_pool,mean_cover_messages_in_pool,empty_pool_mean,mean_pool_not_empty
M1,2.093715789473684,0.8952684210526316,0.6651789473684211,6.2532381790744465
M2,2.7276368421052632,1.6209684210526316,0.7148736842105263,9.566415623730942
M3,2.4128315789473684,1.4051526315789473,0.49546842105263156,4.782320234506212
M4,1.7181684210526316,0.7589947368421053,0.5821263157894737,4.111693284296438
M5,2.2938526315789476,0.9604631578947368,0.4022631578947368,3.837562736638197
M6,2.349268421052632,1.145378947368421,0.46096315789473685,4.358270599607487
M7,1.8304578947368422,0.9223578947368422,0.5005105263157895,3.6646575977577105
M8,1.6386052631578947,0.39077894736842106,0.41218421052631576,2.787616958409813
M9,1.872142105263158,0.8755263157894737,0.4041315789473684,3.141871660115709
